Topic 1,Topic 2,Topic 3,Topic 4,Topic 5,Topic 6,Topic 7,Topic 8,Topic 9,Topic 10,Topic 11,Topic 12,Topic 13,Topic 14,Topic 15,Topic 16,Topic 17,Topic 18,Topic 19,Topic 20,Topic 21,Topic 22,Topic 23,Topic 24,Topic 25,Topic 26,Topic 27,Topic 28,Topic 29,Topic 30,Topic 31,Topic 32,Topic 33,Topic 34,Topic 35,Topic 36,Topic 37,Topic 38,Topic 39,Topic 40,Topic 41,Topic 42,Topic 43,Topic 44,Topic 45,Topic 46,Topic 47,Topic 48,Topic 49,Topic 50,Topic 51,Topic 52,Topic 53,Topic 54,Topic 55,Topic 56,Topic 57,Topic 58,Topic 59,Topic 60,Topic 61,Topic 62,Topic 63,Topic 64,Topic 65,Topic 66,Topic 67,Topic 68,Topic 69,Topic 70,Topic 71,Topic 72,Topic 73,Topic 74,Topic 75,Topic 76,Topic 77,Topic 78,Topic 79,Topic 80
book,county,dance,pm,bank,military,cars,day,mr,casino,salt,editor,environmental,like,women,coach,tournament,black,rangers,race,city,united,percent,ms,mr,club,company,drug,m,music,mr,wine,market,building,china,soviet,film,church,fashion,tax,advertising,yards,party,computer,hotel,mr,economic,article,art,estate,israel,boxing,european,police,players,species,senate,theater,can,quarter,television,bonds,space,court,airlines,university,oil,yankees,health,mr,de,points,immigration,dont,music,dr,school,workers,city,law
books,city,ballet,street,banks,forces,car,back,president,pm,cup,political,energy,life,men,league,tennis,white,game,olympic,mayor,states,rate,children,prosecutors,diamond,million,prison,b,opera,investigation,restaurant,stock,street,chinese,russian,movie,catholic,stores,budget,president,game,government,internet,hotels,one,economy,misstated,museum,housing,israeli,fight,germany,said,league,water,republican,film,light,million,show,million,navy,judge,passengers,graduated,gas,mets,care,campaign,que,game,immigrants,im,songs,patients,students,union,state,commission
novel,residents,dancers,avenue,funds,army,ford,one,clinton,gambling,add,war,water,one,gay,football,golf,blacks,goal,racing,mr,administration,economy,family,trial,king,companies,inmates,c,orchestra,said,food,stocks,buildings,korea,russia,characters,jewish,store,taxes,executive,giants,minister,technology,beach,even,india,correction,artists,rent,palestinian,tyson,german,officers,team,animals,house,broadway,metal,share,news,securities,air,law,airport,father,energy,game,hospital,democratic,el,knicks,border,think,album,disease,schools,labor,new,rules
author,said,theater,museum,financial,war,vehicles,man,white,vegas,pepper,us,nuclear,seems,sexual,basketball,match,racial,scored,won,york,mr,year,mother,charges,south,shares,drugs,page,symphony,report,restaurants,trading,room,hong,moscow,directed,religious,designer,billion,vice,quarterback,mr,software,visitors,can,trade,york,gallery,apartment,palestinians,champion,europe,officer,baseball,trees,senator,films,plastic,cents,cable,percent,military,justice,airline,york,barrels,inning,medical,voters,la,scored,los,get,band,health,education,employees,said,federal
writing,jersey,dancing,theater,fund,troops,auto,night,house,las,oil,people,plant,sense,sex,players,open,south,games,olympics,citys,president,growth,parents,case,spade,stock,marijuana,f,concert,officials,menu,dollar,avenue,chinas,union,films,jews,clothes,spending,company,season,political,online,travel,many,countries,incorrectly,paintings,apartments,arab,bout,france,fire,teams,fish,republicans,movie,use,earnings,cbs,corp,aircraft,supreme,transportation,ny,prices,innings,patients,trump,en,season,angeles,just,jazz,cancer,college,jobs,homeless,state
published,project,dancer,tickets,loans,soldiers,gm,room,reagan,casinos,minutes,americans,climate,even,female,team,round,whites,goals,races,new,american,prices,child,judge,saudi,billion,crime,d,piano,information,sauce,prices,house,kong,putin,story,pope,designers,money,chief,jets,prime,companies,miles,now,growth,misidentified,exhibition,property,lebanon,heavyweight,french,gun,sports,plants,democrats,mr,inches,income,nbc,inc,nasa,case,flight,son,petroleum,season,insurance,republican,y,coach,san,like,song,medical,teachers,unions,york,laws
writers,town,ms,th,investors,killed,drivers,told,bush,st,heat,world,power,world,woman,contract,won,african,team,horse,giuliani,iran,rates,mrs,jury,clubs,companys,cocaine,farm,hall,department,wines,dow,square,beijing,nuclear,miss,roman,dress,cuts,mr,yard,parliament,data,island,much,government,new,artist,tenants,gaza,title,countries,shooting,season,birds,bill,play,water,sales,network,yield,shuttle,courts,transit,daughter,drilling,runs,hospitals,election,mexico,team,california,going,mr,study,university,work,hurricane,regulations
literary,development,company,will,money,iraq,chrysler,just,presidents,vs,cook,america,plants,seem,womens,sports,players,africa,hockey,track,cuomo,officials,market,said,court,ace,business,prisoners,farmers,musical,intelligence,dinner,index,space,north,russians,character,religion,wear,income,marketing,football,opposition,users,rooms,example,africa,column,painting,real,israelis,king,united,killed,player,animal,congress,production,used,loss,viewers,notes,plane,legal,air,mrs,production,games,doctors,candidates,mexican,games,migrants,know,rock,drug,student,job,housing,legislation
writer,new,choreographer,free,loan,afghanistan,motors,morning,johnson,indian,tablespoons,can,emissions,man,male,athletic,tour,race,devils,athletes,council,nuclear,economic,father,prison,west,said,jail,e,mr,documents,chef,exchange,bedroom,korean,russias,love,bishop,ms,million,chairman,coach,elections,company,town,may,companies,error,museums,buyers,israels,ali,britain,man,yankees,wildlife,committee,actors,wood,net,tv,co,flight,lawyers,flights,wife,gulf,hit,medicare,party,un,nets,asylum,thats,singer,researchers,high,strike,officials,policy
read,state,choreography,sunday,billion,government,vehicle,said,clintons,television,garlic,american,gas,yet,marriage,signed,cup,civil,season,cup,bloomberg,nations,sales,husband,guilty,queen,inc,prisons,j,composer,fbi,dishes,d,kitchen,south,gorbachev,movies,cardinal,clothing,federal,media,touchdown,leader,computers,mountain,says,foreign,referred,show,building,peace,round,japanese,mr,fans,forest,democrat,musical,puzzle,company,abc,bond,crew,ruling,train,mother,saudi,sox,children,democrats,una,basketball,refugees,can,pop,research,colleges,wage,storm,agency
wrote,community,dances,saturdays,banking,taliban,sales,went,secretary,atlantic,butter,must,carbon,much,gender,teams,play,africanamerican,islanders,gold,governor,foreign,increase,daughter,lawyer,heart,corporation,heroin,r,performance,trump,chicken,futures,th,kim,ukraine,comedy,christian,dresses,pay,agency,bowl,leaders,web,trip,say,indian,name,works,buildings,syria,ring,japan,shot,games,tree,representative,plays,surface,operations,shows,due,earth,federal,traffic,died,gasoline,league,medicaid,political,los,rebounds,illegal,want,bands,virus,parents,contract,people,proposal
readers,housing,mr,arts,securities,attacks,motor,got,mrs,ave,taste,social,waste,though,ms,national,player,rights,cup,horses,mayors,iraq,billion,home,federal,east,executive,police,agriculture,composers,agency,bar,markets,taxes,japan,missiles,woman,vatican,like,plan,inc,nfl,election,google,park,years,inflation,editing,collection,insurance,jerusalem,fighter,states,arrested,game,farmers,vote,movies,design,gain,broadcast,debt,mission,decision,plane,beloved,crude,pitch,coverage,candidate,del,play,francisco,people,musicians,scientists,teacher,employers,department,government
fiction,park,ballets,sundays,credit,said,company,around,nixon,tribes,teaspoon,society,coal,story,girls,season,woods,hispanic,league,derby,brooklyn,bush,inflation,son,criminal,prince,deal,alcohol,p,pianist,investigators,dining,rose,park,taiwan,weapons,ms,god,collection,state,ads,team,president,digital,river,time,united,editor,work,homes,minister,lewis,paris,car,leagues,garden,legislation,show,feet,year,fox,offering,pentagon,appeals,travel,college,pipeline,hits,patient,presidential,cuba,victory,immigrant,really,guitar,drugs,campus,pay,citys,states
writes,island,danced,center,investment,iraqi,steel,asked,administration,calling,sauce,power,electricity,often,harassment,athletes,final,racism,period,team,said,secretary,rose,life,convicted,diamonds,percent,criminal,grain,philharmonic,inquiry,salad,fell,floors,japanese,arms,novel,churches,hair,fiscal,named,games,protests,microsoft,tourists,however,world,caption,sculpture,said,hamas,fights,british,authorities,stadium,dogs,mr,directed,steel,results,networks,treasury,force,judges,bus,survived,natural,run,dr,bush,spanish,nba,mexico,said,musical,doctors,program,wages,services,administration
novels,local,choreographers,noon,assets,islamic,industry,came,reagans,island,chopped,moral,pollution,way,samesex,rhp,hole,minority,play,medal,state,trump,average,mothers,lawyers,spades,chief,convicted,g,festival,office,cheese,investors,bath,asia,kremlin,comic,rabbi,design,programs,ad,play,protesters,apple,resort,often,business,misspelled,photographs,rental,lebanese,boxer,union,department,contract,land,senators,actor,inch,percent,radio,shares,ship,lawsuit,subway,married,canada,pitcher,child,president,se,seconds,texas,youre,albums,aids,children,said,program,public
authors,construction,miss,admission,firms,afghan,toyota,didnt,washington,tribe,sugar,democracy,fuel,words,abortion,player,shot,racist,coach,games,blasio,military,quarter,friends,attorney,trump,shareholders,crimes,corn,performances,statement,lunch,cents,dining,asian,yeltsin,girl,bishops,shoes,percent,officer,defensive,communist,information,lake,fact,african,picture,arts,units,syrian,fighters,italy,hospital,football,farm,congressional,stage,inside,billion,channel,merrill,planes,rights,trains,new,opec,homer,nursing,clinton,las,lead,calif,things,concert,blood,class,benefits,residents,groups
story,westchester,stage,art,debt,officials,trucks,looked,carter,channel,cooking,even,air,love,couples,hockey,par,people,nhl,sport,manhattan,security,decline,kids,charged,led,share,federal,digest,works,official,street,yen,feet,vietnam,vladimir,man,priests,leather,government,new,touchdowns,democracy,phone,summer,might,global,obituary,objects,market,arafat,leonard,berlin,yesterday,manager,plant,president,director,materials,discontinued,media,moodys,ships,filed,planes,school,exxon,baseball,doctor,vote,latin,teams,states,lot,lyrics,cells,classes,employment,emergency,officials
pages,land,music,saturday,savings,attack,engine,like,kennedy,gaming,water,politics,warming,makes,transgender,coaches,championship,slavery,teams,seconds,bronx,weapons,index,yearold,prosecutor,hearts,investors,mr,food,ensemble,security,chocolate,points,broker,koreas,military,documentary,rev,shop,benefits,business,teams,power,facebook,ski,still,investment,letters,contemporary,owners,netanyahu,holmes,minister,yearold,owners,river,lawmakers,theaters,paint,revenue,series,lynch,astronauts,lawyer,service,family,barrel,first,services,senator,para,minutes,citizenship,hes,singing,university,teaching,worker,shelter,proposed
editor,area,balanchine,park,interest,american,models,seemed,office,cruises,recipe,re,utilities,sometimes,lesbian,games,win,africanamericans,soccer,win,board,talks,analysts,families,defense,dummy,executives,inmate,obituaries,conductor,letter,grilled,traders,garage,shanghai,nato,young,priest,look,increase,products,super,country,service,tour,far,economists,fund,drawings,properties,beirut,world,foreign,victims,million,dog,democratic,hollywood,glass,bincluded,stations,revenue,satellite,cases,rail,dr,bp,ball,insurers,governor,cuban,players,united,good,blues,brain,academic,company,federal,department
stories,towns,performed,fridays,treasury,security,plant,never,staff,queens,fat,history,utility,something,rape,draft,champion,king,puck,mile,queens,countries,higher,married,district,q,investment,arrested,crop,musicians,former,served,rates,listed,vietnamese,treaty,series,jesus,black,deficit,brand,pass,countrys,can,water,well,industry,editions,galleries,lease,egypt,holyfield,trade,officials,steinbrenner,wild,majority,comedy,machine,profit,programming,investors,scientists,suit,authority,grandchildren,companies,series,mental,republicans,brazil,point,c,something,s,treatment,programs,employee,million,ban
write,projects,performance,west,firm,fighting,driving,saw,aides,betting,olive,country,epa,perhaps,sexually,named,victory,apartheid,players,world,koch,said,fell,baby,said,arabia,merger,offenders,farms,quartet,committee,cream,yesterday,city,communist,europe,scene,catholics,jewelry,cut,group,passes,vote,customers,tourism,less,market,foundation,modern,coop,bank,promoter,american,violence,mets,fishing,white,cast,one,yearago,episode,rated,moon,state,pilots,nj,canadian,pitching,nurses,biden,government,tournament,santa,didnt,sound,studies,faculty,working,community,congress
reading,property,festival,tomorrow,bonds,pakistan,automobile,friends,presidential,voyage,chicken,human,chemical,kind,people,assistant,game,mandela,victory,sports,dinkins,policy,report,wife,testimony,bridge,yesterday,abuse,pawn,concerts,federal,meal,gold,built,xi,western,plays,faith,wearing,year,tobacco,field,parties,systems,tourist,make,states,ny,thcentury,mortgage,jewish,las,germans,crime,said,soil,trump,audience,using,charge,mr,market,sea,ruled,airports,degree,price,home,physicians,obama,por,guard,undocumented,go,recording,medicine,universities,members,fire,act
written,site,solo,information,market,rebels,percent,knew,congress,passengers,grams,writer,clean,mind,feminist,college,wimbledon,groups,defenseman,meter,yorkers,agreement,fed,girl,accused,trick,sell,death,wheat,program,news,cooking,jones,floor,government,missile,rated,archbishop,pants,program,york,offense,protest,site,road,way,markets,surname,design,sold,mr,vegas,london,death,coach,acres,measure,productions,heat,stock,ratings,stock,satellites,district,aviation,loving,exploration,third,parents,race,con,quarter,refugee,ive,hiphop,risk,said,agreement,programs,rule
publishing,connecticut,performances,gallery,stock,united,driver,walked,lewinsky,gamblers,pan,opinion,electric,never,many,ncaa,th,history,first,champion,district,meeting,last,school,evidence,pairs,mr,murder,l,concerto,government,fish,nasdaq,east,wang,defense,hollywood,orthodox,shopping,congress,director,patriots,democratic,app,tours,important,nations,mail,images,sale,west,foreman,world,found,salary,conservation,obama,drama,designed,sale,broadcasting,morgan,orbit,states,passenger,husband,arabia,manager,mrs,state,military,shots,children,got,show,said,educational,management,welfare,industry
life,developers,arts,tuesdays,bankers,civilians,market,people,former,cuisine,cups,nation,solar,almost,discrimination,baseball,pga,minorities,second,finished,borough,sanctions,price,lives,sentence,tricks,cash,illegal,k,singers,evidence,kitchen,shares,market,seoul,mr,funny,prayer,jacket,revenue,creative,ball,coalition,use,boat,recent,billion,times,sculptures,tax,plo,ray,international,detective,coaches,weather,capitol,street,wall,months,advertising,debentures,science,constitutional,fares,st,million,second,said,polls,puerto,conference,country,way,records,people,graduate,bargaining,shelters,standards
literature,million,artistic,road,companies,qaeda,honda,home,meese,brooklyn,oven,public,reactor,style,young,soccer,first,discrimination,seconds,marathon,yesterday,reagan,economists,girls,murder,notrump,stake,sentence,agricultural,classical,attorney,eat,higher,bedrooms,li,mikhail,minutes,irish,women,administration,brands,receiver,rights,video,sea,good,international,sunday,curator,tenant,iraq,rounds,greece,investigators,agent,rain,y,actress,will,companys,comedy,corporation,pilot,civil,travelers,president,reserves,pitched,costs,primary,argentina,second,arizona,thing,drummer,tests,board,salary,money,require
reader,neighborhood,troupe,festival,mr,wounded,truck,took,political,indians,bowl,many,dioxide,great,can,nfl,williams,color,shot,winner,county,washington,consumer,people,defendants,d,buy,parole,n,soprano,investigations,shrimp,price,area,singapore,ukrainian,scott,christians,retailers,costs,magazine,players,corruption,system,guests,perhaps,rates,postal,painted,price,prime,muhammad,euro,men,athletes,winter,speaker,festival,size,tax,audience,issue,miles,justices,buses,funeral,spill,team,drug,politics,su,shot,deportation,see,bass,found,districts,companies,agencies,association
poetry,mr,de,children,mortgage,fighters,volkswagen,sat,starr,tribal,juice,freedom,agency,characters,social,association,matches,community,goalie,run,de,official,markets,years,investigation,lead,chairman,addiction,h,carnegie,comment,sweet,ounce,tower,mainland,v,pg,churchs,styles,proposal,senior,defense,governments,sites,islands,will,will,years,photography,home,islamic,boxers,west,street,basketball,bird,chairman,producer,device,latest,season,auction,rocket,amendment,fare,church,gallon,victory,treatment,votes,venezuela,half,southern,now,record,heart,dr,hiring,local,committee
magazine,build,city,east,capital,al,production,later,chief,poker,fresh,policy,protection,language,rights,game,played,indian,minutes,runners,public,obama,recession,sister,sentenced,h,analysts,said,kasparov,chamber,allegations,beef,lower,windows,koreans,strategic,plot,pastor,style,proposed,corporation,offensive,movement,ibm,travelers,think,japan,award,th,rents,east,punches,italian,guns,play,deer,legislative,shows,color,extraordinary,entertainment,priced,spacecraft,settlement,boeing,bride,company,two,family,trumps,salvador,player,visa,feel,playing,cases,learning,factory,aid,changes
library,acres,work,library,federal,commander,nissan,friend,vice,reservation,dish,article,change,young,married,injured,slam,ethnic,played,competition,commissioner,international,rise,boys,prosecution,won,offer,enforcement,chess,mozart,general,fresh,bond,houses,chen,united,mother,ireland,colors,cost,executives,running,said,electronic,mountains,firms,american,card,s,landlords,palestine,mike,spain,killing,soccer,flowers,leader,producers,machines,bafter,producer,poors,mars,judicial,station,received,mobil,dodgers,clinic,voting,es,lakers,migrant,time,singers,vaccine,grade,employer,families,system
publishers,plan,choreographed,exhibition,rates,border,automakers,door,counsel,radio,lemon,right,global,modern,behavior,oneyear,federer,movement,flyers,finish,officials,war,data,young,justice,north,market,justice,editorials,orchestras,reports,pm,currency,west,islands,soviets,actor,st,jackets,aid,campaign,linebacker,parliamentary,services,along,problem,policy,died,painter,landlord,saudi,knockout,germanys,two,commissioner,forests,votes,playwright,walls,stores,channels,sixmonth,captain,appeal,said,retired,billion,pitchers,medicine,elections,brazilian,first,yes,say,artists,science,professor,negotiations,county,safety
pp,cities,movement,friday,trading,baghdad,model,crowd,policy,hotel,cream,may,toxic,narrative,abuse,defensive,playing,jackson,ice,championships,republican,negotiations,said,woman,pleaded,royal,bid,narcotics,black,violin,justice,cafe,york,fireplace,liu,reagan,cast,holy,brand,social,news,cowboys,police,network,inn,just,industrial,revised,street,manhattan,jordan,middleweight,brussels,county,deal,natural,members,ms,floor,included,episodes,bills,said,plaintiffs,carriers,late,industry,cubs,clinics,poll,colombia,championship,homeland,theres,guitarist,symptoms,classroom,hour,orleans,issue
memoir,urban,new,thursdays,mutual,nations,automotive,away,bushs,racing,tablespoon,will,said,might,equality,list,second,population,shots,belmont,mayoral,council,unemployment,daughters,indictment,suit,management,state,milk,operas,cia,chefs,interest,manhattan,boat,states,shes,father,mens,increases,account,eagles,constitution,business,trail,rather,exports,manhattan,pieces,houses,middle,knockouts,europes,injured,nfl,agriculture,amendment,starring,paper,accounting,magazine,competitive,naval,attorney,aircraft,memorial,offshore,three,elderly,conservative,united,ball,trump,one,played,can,kids,local,agency,said
biography,building,costumes,music,regulators,armed,said,woman,aide,slot,mixture,values,natural,character,homosexuality,angeles,ball,segregation,penguins,stakes,rudolph,diplomatic,economist,boy,testified,played,financial,treatment,bb,sound,records,coffee,analysts,architect,cambodia,communist,humor,congregation,silk,taxpayers,worldwide,league,turkey,devices,day,better,jobs,yesterday,exhibitions,house,arabs,welterweight,brexit,woman,owner,snow,administration,characters,aluminum,losses,station,rating,defense,abortion,safety,born,texaco,scored,premiums,nomination,m√°s,win,b,cant,piano,diseases,math,layoffs,fund,regulation
review,areas,program,mondays,percent,terrorist,companies,eyes,iran,nevada,yield,fact,chemicals,can,sexuality,los,tournaments,slaves,penalty,second,albany,trade,increased,living,former,diagramed,acquisition,immigration,white,recital,agents,fried,late,yearold,ship,boris,scenes,holocaust,jeans,welfare,agencies,quarter,supporters,industry,local,probably,capital,appended,pictures,bought,jews,trainer,parliament,people,yankee,humans,leaders,performances,electrical,gains,video,yields,dr,constitution,drivers,sister,fuel,field,plans,mrs,castro,left,detention,make,drums,testing,science,plant,commissioner,agencies
publisher,river,piece,wednesdays,institutions,bombing,japanese,front,campaign,cruise,flour,believe,reactors,always,assault,mike,holes,slave,playoffs,meters,staten,leaders,spending,fathers,jurors,declarer,sale,sentences,qb,bach,public,soup,treasury,design,tokyo,president,director,christ,worn,savings,unit,victory,former,products,coast,although,indias,stamps,abstract,million,hussein,tysons,euros,charged,will,hunting,bipartisan,studio,air,shares,host,rate,station,v,railroad,law,shell,ninth,affordable,former,spain,final,diego,always,voice,infected,public,contracts,service,approved
poet,communities,joyce,new,hedge,gen,year,old,watergate,capacity,tomatoes,economic,environment,human,often,mens,united,racially,scoring,victory,hall,defense,survey,says,crime,pass,sales,corrections,t,premiere,case,good,securities,squarefoot,foreign,republics,life,archdiocese,models,payments,division,last,politicians,machines,can,whether,deficit,copies,furniture,buy,sharon,punch,government,dead,club,food,committees,shakespeare,small,rose,coverage,issues,launching,circuit,riders,devoted,wells,torre,people,supporters,states,assists,australia,theyre,pianist,test,courses,unemployment,help,advocates
illustrated,mayor,graham,performing,lending,province,detroit,im,baker,spa,servings,need,safety,form,homosexual,san,title,luther,third,winning,democratic,relations,investors,childrens,death,c,price,crack,nb,beethoven,told,meat,pound,brick,province,moscows,drama,synagogue,retail,security,corporate,plays,military,consumers,route,different,industries,city,studio,mr,egyptian,knocked,prime,night,clubs,miles,voted,star,make,period,hbo,common,aboard,laws,airways,brother,trudeau,baseman,center,convention,argentine,played,migration,never,saxophonist,scientific,elementary,paid,mayor,council
history,citys,york,students,goldman,force,dealers,left,republican,outdoor,meat,citizens,greenhouse,moment,womans,placed,club,national,playoff,medals,office,minister,increases,love,crimes,bid,firm,criminals,karpov,singing,whether,french,commodity,acre,officials,putins,wife,protestant,show,will,million,first,violence,telephone,vacation,question,development,service,color,prices,iraqi,fighting,ireland,murder,major,feet,political,audiences,equipment,cnet,will,obligation,jet,damages,new,rev,said,single,drugs,gov,juan,night,visas,much,sang,human,district,minimum,homes,legal
poems,parks,performers,broadway,investments,civilian,safety,felt,national,resorts,onion,professor,industry,quite,age,nba,lead,confederate,player,trainer,island,administrations,month,marriage,jail,jack,industry,sentenced,sugar,string,president,drink,francs,architects,khmer,war,written,said,designs,economic,management,parcells,turkish,access,resorts,success,monetary,arts,century,sell,kuwait,fought,chancellor,incident,sport,farms,mcconnell,television,temperature,reported,warner,company,boeing,lawsuits,terminal,graduate,supplies,braves,nurse,campaigns,como,ncaa,illegally,maybe,recorded,infection,harvard,salaries,assistance,companies
letters,planning,performing,july,lenders,militants,makers,days,senate,tape,stir,rights,tons,rather,equal,terms,shots,political,left,event,gov,clinton,reported,brother,witness,k,based,officials,crossword,piece,spokesman,seafood,industrial,neighborhood,zhang,american,star,bible,suits,reagan,post,ers,national,tech,beaches,like,economics,contributions,prints,percent,security,bouts,nations,apartment,played,endangered,washington,tony,material,pretax,disney,underwriters,radar,trial,routes,masters,refinery,base,physician,support,mexicos,state,people,right,night,genetic,tuition,pension,public,proposals
press,built,premiere,aug,wall,nato,manufacturers,time,adviser,fitness,baking,question,levels,little,marriages,womens,putt,diversity,stanley,womens,yorks,peace,months,shes,arrested,contract,bankruptcy,jails,bd,repertory,questions,pork,closed,apartment,sea,forces,played,spiritual,items,reduce,billings,tackle,partys,market,area,firm,percent,page,architecture,owner,hezbollah,referee,japans,firefighters,nba,nature,said,script,like,revenues,programs,offered,telescope,sued,cars,member,alaska,tworun,surgery,debate,lo,celtics,security,doesnt,sing,patient,test,workplace,funds,restrictions
novelist,center,score,show,insurance,police,million,know,ronald,trump,food,truth,scientists,dark,one,f,states,klan,night,field,campaign,iranian,interest,born,fraud,play,board,law,dairy,played,counsel,entrees,c,basement,thailand,foreign,actress,cathedral,shirt,debt,companies,redskins,socialist,phones,trips,major,goods,old,collectors,pay,tel,said,east,arrest,playing,grow,bills,story,window,analysts,million,basis,solar,opinion,lines,friend,iran,pitches,emergency,ballot,carlos,won,customs,even,dance,hospital,teach,force,system,enforcement
war,nassau,companys,hours,cash,refugees,fords,thought,whitewater,th,milk,true,wind,work,says,g,grand,rev,montreal,yearold,political,state,stock,never,attorneys,ruff,takeover,correctional,ne,tenor,asked,beer,composite,construction,lee,gorbachevs,sex,secular,customers,proposals,magazines,steelers,muslim,wireless,ocean,quality,imports,awards,shows,income,aviv,de,britains,spokesman,pitcher,lake,veto,character,clue,costs,night,municipal,pilots,claims,delta,ceremony,fields,yankee,healthcare,sanders,marcos,scoring,patrol,says,love,clinical,graduates,compensation,disaster,report
collection,people,season,hall,stocks,syria,corporation,see,committee,tons,cooked,americas,company,moments,even,giants,set,affirmative,saves,kentucky,elected,treaty,compared,know,defendant,ruffed,assets,violent,pxp,lincoln,according,red,percent,architecture,ships,kgb,tale,abuse,color,states,companys,end,cabinet,email,room,become,country,street,portrait,condominium,arabia,duran,europeans,suspect,fan,crops,impeachment,artistic,installed,bnet,cnn,taxexempt,ocean,order,system,manhattan,producers,phillies,abortion,gore,brazils,straight,state,thought,label,surgery,curriculum,teamsters,puerto,bill
editors,officials,pas,dec,bond,killing,electric,stood,presidency,lottery,rice,editorial,radioactive,true,may,jets,nadal,southern,score,record,councilman,government,percentage,age,verdict,bidding,securities,addicts,crops,violinist,staff,table,dollars,rooms,island,chechnya,john,francis,shirts,funds,advertisers,player,ministers,will,ride,yet,governments,cards,display,buyer,said,hagler,merkel,detectives,signed,park,debate,performance,wire,fiscal,advertisers,goldman,marine,litigation,flying,services,indigenous,eighth,prescription,senate,president,bulls,m,back,fans,effects,universitys,managers,charities,must
times,hudson,duet,jan,losses,rebel,engines,arrived,cabinet,meadowlands,recipes,important,edison,old,pregnancy,leagues,womens,mississippi,win,skating,assembly,aid,earnings,wanted,conviction,mohammed,exchange,drinking,prices,playing,reported,flavors,poors,bathrooms,united,poland,michael,christianity,skirts,raise,times,win,support,networks,north,generally,south,reflect,portraits,sales,iran,mayweather,le,identified,seasons,leaves,support,theatrical,usually,reflect,time,filed,landing,argued,crash,board,chevron,last,providers,democrat,political,led,agents,us,bassist,coronavirus,year,concessions,volunteers,required
essays,downtown,opera,featuring,markets,bosnia,gms,go,hillary,city,cheese,now,cleanup,turns,relationships,collegiate,beat,africas,net,mens,legislature,allies,demand,house,courtroom,team,largest,officers,cattle,performed,bureau,bottle,bank,lot,rouge,control,opens,baptist,wore,dollars,editor,stadium,foreign,screen,visit,public,recession,readers,installation,residential,abbas,opponent,nazi,shootings,last,area,presidents,stars,box,operating,program,salomon,army,upheld,commuter,rabbi,pipelines,stadium,psychiatric,partys,rio,shooting,mexican,tell,like,percent,community,leaders,katrina,protection
english,long,classical,oct,accounts,bomb,tesla,began,irancontra,wynn,fish,rather,radiation,whose,life,director,course,census,two,first,governors,deal,rising,friend,conspiracy,trumps,corporate,charges,bc,metropolitan,lawyer,cuisine,japanese,architectural,ministry,west,boy,rome,fabric,pension,operating,raiders,politics,communications,boats,approach,many,prize,paint,value,assad,hoya,greek,died,yesterday,spring,pelosi,role,windows,related,executives,subordinated,planet,discrimination,carrier,conn,kuwait,won,system,win,rico,beat,deported,someone,rap,experts,chancellor,percent,governor,process
copies,zoning,balanchines,june,payments,bosnian,general,get,press,sevennight,eggs,liberal,federal,nature,orientation,c,birdie,congress,goaltender,running,democrat,diplomats,lower,told,witnesses,deal,agreed,correction,bf,work,secret,tables,new,side,japans,talks,production,evangelical,paris,rate,corp,manning,independence,using,pool,best,economist,stamp,auction,brokers,abu,taylor,frances,city,free,cats,passed,west,crossword,compared,executive,sachs,missions,whether,mta,served,heating,red,home,voter,chile,throws,legal,look,solo,body,admissions,hire,poor,use
